{"cameraMode":{"drawMode":0,"name":"Shaded","section":"Shading Mode"},"sceneLighting":false,"audioPlay":false,"sceneViewState":{"showFog":true,"showMaterialUpdate":false,"showSkybox":false,"showFlares":true,"showImageEffects":true,"showParticleSystems":true},"in2DMode":false,"pivot":{"x":-1.5060768127441407,"y":-0.8556880950927734,"z":2.736095666885376},"rotation":{"x":-0.24330709874629975,"y":-0.5622178912162781,"z":0.1776423156261444,"w":-0.7701979875564575},"size":10.428839683532715,"orthographic":false}