{"cameraMode":{"drawMode":0,"name":"Shaded","section":"Shading Mode"},"sceneLighting":true,"audioPlay":false,"sceneViewState":{"showFog":true,"showMaterialUpdate":false,"showSkybox":true,"showFlares":true,"showImageEffects":true,"showParticleSystems":true},"in2DMode":false,"pivot":{"x":-0.14453125,"y":1.952445387840271,"z":4.7462029457092289},"rotation":{"x":0.008444949984550476,"y":-0.9893182516098023,"z":0.06389967352151871,"w":0.13074788451194764},"size":3.8519489765167238,"orthographic":true}